{
  "page_number": 24,
  "total_blocks": 14,
  "average_confidence": 0.9911880133293046,
  "processing_time": 0.9323890209197998,
  "processed_at": "2025-11-25T06:28:18.000629",
  "version": "1.0"
}