{
  "page_number": 21,
  "total_blocks": 3,
  "average_confidence": 0.9508936075549035,
  "processing_time": 0.4301609992980957,
  "processed_at": "2025-11-21T07:48:58.119331",
  "version": "1.0"
}