{
  "page_number": 3,
  "total_blocks": 44,
  "average_confidence": 0.9565551558298068,
  "processing_time": 1.7959544658660889,
  "processed_at": "2025-11-28T05:03:42.358320",
  "version": "1.0"
}