{
  "page_number": 11,
  "total_blocks": 29,
  "average_confidence": 0.8768658395242813,
  "processing_time": 1.6206529140472412,
  "processed_at": "2025-11-21T07:48:38.272989",
  "version": "1.0"
}