{
  "page_number": 13,
  "total_blocks": 6,
  "average_confidence": 0.9892244639637015,
  "processing_time": 0.5313577651977539,
  "processed_at": "2025-11-25T06:27:56.572721",
  "version": "1.0"
}