{
  "page_number": 1,
  "total_blocks": 42,
  "average_confidence": 0.984907599264825,
  "processing_time": 3.6879560947418213,
  "processed_at": "2025-11-20T07:22:34.188410",
  "version": "1.0"
}