{
  "page_number": 12,
  "total_blocks": 34,
  "average_confidence": 0.9829949634217248,
  "processing_time": 1.5706310272216797,
  "processed_at": "2025-11-19T09:25:18.507493",
  "version": "1.0"
}