{
  "page_number": 6,
  "total_blocks": 36,
  "average_confidence": 0.969048680451796,
  "processing_time": 1.4126286506652832,
  "processed_at": "2025-11-25T06:27:45.070697",
  "version": "1.0"
}