{
  "page_number": 7,
  "total_blocks": 25,
  "average_confidence": 0.9919166673418525,
  "processing_time": 1.5017926692962646,
  "processed_at": "2025-11-21T01:24:31.298996",
  "version": "1.0"
}