{
  "page_number": 7,
  "total_blocks": 37,
  "average_confidence": 0.9812184462299492,
  "processing_time": 1.9138360023498535,
  "processed_at": "2025-11-19T09:25:09.022607",
  "version": "1.0"
}