{
  "page_number": 5,
  "total_blocks": 32,
  "average_confidence": 0.9694092209032402,
  "processing_time": 1.8521807193756104,
  "processed_at": "2025-11-21T01:30:59.077936",
  "version": "1.0"
}