{
  "page_number": 1,
  "total_blocks": 5,
  "average_confidence": 0.9945279929513315,
  "processing_time": 0.6427240371704102,
  "processed_at": "2025-11-21T08:21:05.483475",
  "version": "1.0"
}