{
  "page_number": 2,
  "total_blocks": 40,
  "average_confidence": 0.987904539146699,
  "processing_time": 1.6691148281097412,
  "processed_at": "2025-11-28T04:57:54.509756",
  "version": "1.0"
}