{
  "page_number": 14,
  "total_blocks": 18,
  "average_confidence": 0.9922107714470894,
  "processing_time": 1.2242071628570557,
  "processed_at": "2025-11-28T04:59:41.351354",
  "version": "1.0"
}