{
  "page_number": 6,
  "total_blocks": 36,
  "average_confidence": 0.969048680451796,
  "processing_time": 1.4162986278533936,
  "processed_at": "2025-11-21T08:21:14.370809",
  "version": "1.0"
}