{
  "page_number": 9,
  "total_blocks": 19,
  "average_confidence": 0.9893188600702545,
  "processing_time": 1.3147027492523193,
  "processed_at": "2025-11-28T04:58:05.316200",
  "version": "1.0"
}