{
  "page_number": 8,
  "total_blocks": 40,
  "average_confidence": 0.9786308251510537,
  "processing_time": 1.6169962882995605,
  "processed_at": "2025-11-21T07:22:14.811525",
  "version": "1.0"
}