{
  "page_number": 4,
  "total_blocks": 23,
  "average_confidence": 0.9785134834953786,
  "processing_time": 1.6086816787719727,
  "processed_at": "2025-11-28T04:57:57.873147",
  "version": "1.0"
}