{
  "page_number": 4,
  "total_blocks": 43,
  "average_confidence": 0.9682199473511794,
  "processing_time": 1.9673151969909668,
  "processed_at": "2025-11-20T07:22:41.199507",
  "version": "1.0"
}