{
  "page_number": 15,
  "total_blocks": 12,
  "average_confidence": 0.9865326824119149,
  "processing_time": 1.1715526580810547,
  "processed_at": "2025-11-21T01:20:17.408701",
  "version": "1.0"
}