{
  "page_number": 16,
  "total_blocks": 11,
  "average_confidence": 0.9932014492587755,
  "processing_time": 1.1205940246582031,
  "processed_at": "2025-11-21T01:24:45.954337",
  "version": "1.0"
}