{
  "page_number": 8,
  "total_blocks": 22,
  "average_confidence": 0.9276496641232002,
  "processing_time": 1.0548605918884277,
  "processed_at": "2025-11-21T07:48:32.588116",
  "version": "1.0"
}