{
  "page_number": 16,
  "total_blocks": 11,
  "average_confidence": 0.9932014492587755,
  "processing_time": 1.153489112854004,
  "processed_at": "2025-11-21T01:31:17.424938",
  "version": "1.0"
}