{
  "page_number": 12,
  "total_blocks": 29,
  "average_confidence": 0.9479995433802265,
  "processing_time": 1.090127944946289,
  "processed_at": "2025-11-21T08:21:24.971583",
  "version": "1.0"
}