{
  "page_number": 2,
  "total_blocks": 40,
  "average_confidence": 0.9941083739100286,
  "processing_time": 1.7930517196655273,
  "processed_at": "2025-11-21T01:30:52.427693",
  "version": "1.0"
}