{
  "page_number": 9,
  "total_blocks": 23,
  "average_confidence": 0.9187821960235337,
  "processing_time": 1.0051836967468262,
  "processed_at": "2025-11-21T07:48:34.143523",
  "version": "1.0"
}