{
  "page_number": 11,
  "total_blocks": 26,
  "average_confidence": 0.993722814928899,
  "processing_time": 1.5971462726593018,
  "processed_at": "2025-11-28T04:58:08.366241",
  "version": "1.0"
}