{
  "page_number": 13,
  "total_blocks": 32,
  "average_confidence": 0.9608622668818125,
  "processing_time": 1.5551133155822754,
  "processed_at": "2025-11-21T01:31:13.477273",
  "version": "1.0"
}