{
  "page_number": 2,
  "total_blocks": 31,
  "average_confidence": 0.959407538292411,
  "processing_time": 1.57924222946167,
  "processed_at": "2025-11-28T05:03:40.395116",
  "version": "1.0"
}