{
  "page_number": 6,
  "total_blocks": 27,
  "average_confidence": 0.9675734765376424,
  "processing_time": 1.4828338623046875,
  "processed_at": "2025-11-21T01:24:29.642091",
  "version": "1.0"
}