{
  "page_number": 8,
  "total_blocks": 27,
  "average_confidence": 0.9915211729256993,
  "processing_time": 1.4929494857788086,
  "processed_at": "2025-11-28T05:03:17.165477",
  "version": "1.0"
}