{
  "page_number": 5,
  "total_blocks": 23,
  "average_confidence": 0.9915967838390011,
  "processing_time": 1.5179784297943115,
  "processed_at": "2025-11-21T07:16:03.470079",
  "version": "1.0"
}