{
  "page_number": 2,
  "total_blocks": 40,
  "average_confidence": 0.9765749829799285,
  "processing_time": 1.252812147140503,
  "processed_at": "2025-11-25T06:27:37.879506",
  "version": "1.0"
}