{
  "page_number": 11,
  "total_blocks": 18,
  "average_confidence": 0.9658718286335832,
  "processing_time": 1.2561016082763672,
  "processed_at": "2025-11-21T01:31:09.801128",
  "version": "1.0"
}