{
  "page_number": 5,
  "total_blocks": 82,
  "average_confidence": 0.982045408864257,
  "processing_time": 2.1863365173339844,
  "processed_at": "2025-11-28T05:12:08.066268",
  "version": "1.0"
}