{
  "page_number": 3,
  "total_blocks": 23,
  "average_confidence": 0.9806688202386828,
  "processing_time": 1.403991937637329,
  "processed_at": "2025-11-21T07:22:07.003003",
  "version": "1.0"
}