{
  "page_number": 21,
  "total_blocks": 28,
  "average_confidence": 0.9955622434532578,
  "processing_time": 1.6681222915649414,
  "processed_at": "2025-11-19T09:25:33.202126",
  "version": "1.0"
}