{
  "page_number": 11,
  "total_blocks": 18,
  "average_confidence": 0.9658718286335832,
  "processing_time": 1.2372100353240967,
  "processed_at": "2025-11-28T04:59:36.371022",
  "version": "1.0"
}