{
  "page_number": 1,
  "total_blocks": 5,
  "average_confidence": 0.9945279929513315,
  "processing_time": 0.6026949882507324,
  "processed_at": "2025-11-25T06:27:36.220813",
  "version": "1.0"
}