{
  "page_number": 16,
  "total_blocks": 11,
  "average_confidence": 0.9932014492587755,
  "processing_time": 1.0928914546966553,
  "processed_at": "2025-11-28T05:03:29.915217",
  "version": "1.0"
}