{
  "page_number": 9,
  "total_blocks": 45,
  "average_confidence": 0.9763961040407474,
  "processing_time": 1.7625157833099365,
  "processed_at": "2025-11-21T01:31:06.214377",
  "version": "1.0"
}