{
  "page_number": 12,
  "total_blocks": 49,
  "average_confidence": 0.9656455384728565,
  "processing_time": 1.7373487949371338,
  "processed_at": "2025-11-28T05:03:24.376775",
  "version": "1.0"
}