{
  "page_number": 9,
  "total_blocks": 45,
  "average_confidence": 0.9763961040407474,
  "processing_time": 1.7282981872558594,
  "processed_at": "2025-11-21T01:24:34.847276",
  "version": "1.0"
}