{
  "page_number": 1,
  "total_blocks": 45,
  "average_confidence": 0.9690074186716299,
  "processing_time": 1.8113675117492676,
  "processed_at": "2025-11-21T01:19:51.745889",
  "version": "1.0"
}