{
  "page_number": 10,
  "total_blocks": 33,
  "average_confidence": 0.955109654945755,
  "processing_time": 1.253361463546753,
  "processed_at": "2025-11-21T08:21:20.844509",
  "version": "1.0"
}