{
  "page_number": 1,
  "total_blocks": 2,
  "average_confidence": 0.7100989179951804,
  "processing_time": 0.26071858406066895,
  "processed_at": "2025-11-24T00:10:16.844329",
  "version": "1.0"
}