{
  "page_number": 1,
  "total_blocks": 29,
  "average_confidence": 0.9794323633401533,
  "processing_time": 1.6528363227844238,
  "processed_at": "2025-11-21T07:15:56.247562",
  "version": "1.0"
}