{
  "page_number": 5,
  "total_blocks": 34,
  "average_confidence": 0.9637581596349268,
  "processing_time": 1.2834064960479736,
  "processed_at": "2025-11-21T07:48:27.365961",
  "version": "1.0"
}