{
  "page_number": 1,
  "total_blocks": 3,
  "average_confidence": 0.664328097165027,
  "processing_time": 0.33847761154174805,
  "processed_at": "2025-11-24T00:42:11.918945",
  "version": "1.0"
}