{
  "page_number": 2,
  "total_blocks": 40,
  "average_confidence": 0.9765749829799285,
  "processing_time": 1.2644879817962646,
  "processed_at": "2025-11-21T07:48:22.284417",
  "version": "1.0"
}