{
  "page_number": 19,
  "total_blocks": 10,
  "average_confidence": 0.9745635582735733,
  "processing_time": 0.6373310089111328,
  "processed_at": "2025-11-25T06:28:10.941796",
  "version": "1.0"
}