{
  "page_number": 13,
  "total_blocks": 32,
  "average_confidence": 0.979534259995899,
  "processing_time": 1.8597595691680908,
  "processed_at": "2025-11-21T07:16:17.115014",
  "version": "1.0"
}