{
  "page_number": 15,
  "total_blocks": 12,
  "average_confidence": 0.9865326824119149,
  "processing_time": 1.1596360206604004,
  "processed_at": "2025-11-28T04:58:54.017067",
  "version": "1.0"
}