{
  "page_number": 1,
  "total_blocks": 45,
  "average_confidence": 0.9690074186716299,
  "processing_time": 1.7614538669586182,
  "processed_at": "2025-11-21T01:30:50.382242",
  "version": "1.0"
}