{
  "page_number": 5,
  "total_blocks": 34,
  "average_confidence": 0.9637581596349268,
  "processing_time": 1.3264987468719482,
  "processed_at": "2025-11-21T08:21:12.262448",
  "version": "1.0"
}