{
  "page_number": 1,
  "total_blocks": 60,
  "average_confidence": 0.969406946798648,
  "processing_time": 3.0256452560424805,
  "processed_at": "2025-11-19T09:24:54.828410",
  "version": "1.0"
}