{
  "page_number": 9,
  "total_blocks": 45,
  "average_confidence": 0.9763961040407474,
  "processing_time": 1.8307645320892334,
  "processed_at": "2025-11-28T04:58:44.270088",
  "version": "1.0"
}