{
  "page_number": 3,
  "total_blocks": 51,
  "average_confidence": 0.9912140880935293,
  "processing_time": 1.9865655899047852,
  "processed_at": "2025-11-28T04:58:32.954845",
  "version": "1.0"
}