{
  "page_number": 3,
  "total_blocks": 51,
  "average_confidence": 0.9912140880935293,
  "processing_time": 2.002286195755005,
  "processed_at": "2025-11-21T01:19:56.069055",
  "version": "1.0"
}