{
  "page_number": 7,
  "total_blocks": 24,
  "average_confidence": 0.9865299190879891,
  "processing_time": 1.4171857833862305,
  "processed_at": "2025-11-28T04:58:02.138898",
  "version": "1.0"
}