{
  "page_number": 21,
  "total_blocks": 3,
  "average_confidence": 0.9508936075549035,
  "processing_time": 0.4404454231262207,
  "processed_at": "2025-11-25T06:28:14.005145",
  "version": "1.0"
}