{
  "page_number": 8,
  "total_blocks": 40,
  "average_confidence": 0.9786308251510537,
  "processing_time": 1.545635461807251,
  "processed_at": "2025-11-28T04:58:03.815472",
  "version": "1.0"
}