{
  "page_number": 5,
  "total_blocks": 32,
  "average_confidence": 0.9694092209032402,
  "processing_time": 1.8181889057159424,
  "processed_at": "2025-11-28T04:59:26.023762",
  "version": "1.0"
}