{
  "page_number": 7,
  "total_blocks": 25,
  "average_confidence": 0.9919166673418525,
  "processing_time": 1.4946200847625732,
  "processed_at": "2025-11-28T04:59:29.346111",
  "version": "1.0"
}