{
  "page_number": 22,
  "total_blocks": 32,
  "average_confidence": 0.9226434496683614,
  "processing_time": 0.888267993927002,
  "processed_at": "2025-11-25T06:28:15.271433",
  "version": "1.0"
}