{
  "page_number": 4,
  "total_blocks": 53,
  "average_confidence": 0.9809945973619061,
  "processing_time": 1.934640884399414,
  "processed_at": "2025-11-28T05:03:09.988174",
  "version": "1.0"
}