{
  "page_number": 12,
  "total_blocks": 53,
  "average_confidence": 0.9931529737866787,
  "processing_time": 1.9815819263458252,
  "processed_at": "2025-11-21T07:22:21.632283",
  "version": "1.0"
}