{
  "page_number": 20,
  "total_blocks": 40,
  "average_confidence": 0.9468469746001207,
  "processing_time": 1.410123348236084,
  "processed_at": "2025-11-21T07:48:56.994917",
  "version": "1.0"
}