{
  "page_number": 23,
  "total_blocks": 17,
  "average_confidence": 0.9858885603056635,
  "processing_time": 0.6803030967712402,
  "processed_at": "2025-11-21T07:49:00.650166",
  "version": "1.0"
}