{
  "page_number": 2,
  "total_blocks": 31,
  "average_confidence": 0.959407538292411,
  "processing_time": 1.642165184020996,
  "processed_at": "2025-11-21T01:17:52.968307",
  "version": "1.0"
}