{
  "page_number": 10,
  "total_blocks": 45,
  "average_confidence": 0.9835479275027764,
  "processing_time": 1.7817060947418213,
  "processed_at": "2025-11-28T05:03:21.069871",
  "version": "1.0"
}