{
  "page_number": 13,
  "total_blocks": 32,
  "average_confidence": 0.979534259995899,
  "processing_time": 1.6831042766571045,
  "processed_at": "2025-11-28T04:58:12.352235",
  "version": "1.0"
}