{
  "page_number": 8,
  "total_blocks": 40,
  "average_confidence": 0.9786308251510537,
  "processing_time": 1.6406352519989014,
  "processed_at": "2025-11-21T07:16:08.069314",
  "version": "1.0"
}