{
  "page_number": 6,
  "total_blocks": 27,
  "average_confidence": 0.9675734765376424,
  "processing_time": 1.610853910446167,
  "processed_at": "2025-11-21T01:31:00.887847",
  "version": "1.0"
}