{
  "page_number": 10,
  "total_blocks": 18,
  "average_confidence": 0.9762779582199688,
  "processing_time": 1.3138644695281982,
  "processed_at": "2025-11-21T07:22:17.785001",
  "version": "1.0"
}