{
  "page_number": 12,
  "total_blocks": 53,
  "average_confidence": 0.9931529737866787,
  "processing_time": 2.044865131378174,
  "processed_at": "2025-11-21T07:16:14.981756",
  "version": "1.0"
}