{
  "page_number": 19,
  "total_blocks": 10,
  "average_confidence": 0.9745635582735733,
  "processing_time": 0.624103307723999,
  "processed_at": "2025-11-21T07:48:55.143161",
  "version": "1.0"
}