{
  "page_number": 1,
  "total_blocks": 3,
  "average_confidence": 0.664328097165027,
  "processing_time": 0.3508026599884033,
  "processed_at": "2025-11-24T00:43:00.469174",
  "version": "1.0"
}