{
  "page_number": 26,
  "total_blocks": 13,
  "average_confidence": 0.9663408867477484,
  "processing_time": 0.9340541362762451,
  "processed_at": "2025-11-21T07:49:04.612828",
  "version": "1.0"
}