{
  "page_number": 1,
  "total_blocks": 25,
  "average_confidence": 0.9484785412087662,
  "processing_time": 2.0696260929107666,
  "processed_at": "2025-11-17T05:14:18.709206",
  "version": "1.0"
}