{
  "page_number": 9,
  "total_blocks": 45,
  "average_confidence": 0.9763961040407474,
  "processing_time": 1.723628282546997,
  "processed_at": "2025-11-28T05:03:19.047230",
  "version": "1.0"
}