{
  "page_number": 3,
  "total_blocks": 51,
  "average_confidence": 0.9912140880935293,
  "processing_time": 1.97837233543396,
  "processed_at": "2025-11-21T01:30:54.652019",
  "version": "1.0"
}