{
  "page_number": 8,
  "total_blocks": 22,
  "average_confidence": 0.9276496641232002,
  "processing_time": 1.0487382411956787,
  "processed_at": "2025-11-25T06:27:48.140618",
  "version": "1.0"
}