{
  "page_number": 8,
  "total_blocks": 27,
  "average_confidence": 0.9915211729256993,
  "processing_time": 1.4928674697875977,
  "processed_at": "2025-11-28T04:58:42.282339",
  "version": "1.0"
}