{
  "page_number": 6,
  "total_blocks": 27,
  "average_confidence": 0.9675734765376424,
  "processing_time": 1.4869482517242432,
  "processed_at": "2025-11-21T01:20:02.327786",
  "version": "1.0"
}