{
  "page_number": 3,
  "total_blocks": 23,
  "average_confidence": 0.9806688202386828,
  "processing_time": 1.3901419639587402,
  "processed_at": "2025-11-28T04:57:56.131031",
  "version": "1.0"
}