{
  "page_number": 1,
  "total_blocks": 44,
  "average_confidence": 0.9742462511008738,
  "processing_time": 3.023913860321045,
  "processed_at": "2025-11-28T08:52:58.349887",
  "version": "1.0"
}