{
  "page_number": 1,
  "total_blocks": 2,
  "average_confidence": 0.9398545300444732,
  "processing_time": 0.24218964576721191,
  "processed_at": "2025-11-21T09:25:27.673582",
  "version": "1.0"
}