{
  "page_number": 17,
  "total_blocks": 27,
  "average_confidence": 0.9915601529041024,
  "processing_time": 1.619009017944336,
  "processed_at": "2025-11-21T01:20:20.267785",
  "version": "1.0"
}