{
  "page_number": 4,
  "total_blocks": 23,
  "average_confidence": 0.9785134834953786,
  "processing_time": 1.7117714881896973,
  "processed_at": "2025-11-21T07:16:01.812508",
  "version": "1.0"
}