{
  "page_number": 17,
  "total_blocks": 27,
  "average_confidence": 0.9915601529041024,
  "processing_time": 1.67572021484375,
  "processed_at": "2025-11-28T05:03:31.643690",
  "version": "1.0"
}