{
  "page_number": 4,
  "total_blocks": 90,
  "average_confidence": 0.9670438354420045,
  "processing_time": 2.0997908115386963,
  "processed_at": "2025-11-28T05:12:05.395641",
  "version": "1.0"
}