{
  "page_number": 7,
  "total_blocks": 21,
  "average_confidence": 0.9850224694451959,
  "processing_time": 0.8317389488220215,
  "processed_at": "2025-11-21T07:48:31.007702",
  "version": "1.0"
}