{
  "page_number": 4,
  "total_blocks": 33,
  "average_confidence": 0.98347262233812,
  "processing_time": 1.2494590282440186,
  "processed_at": "2025-11-21T07:48:25.452717",
  "version": "1.0"
}