{
  "page_number": 17,
  "total_blocks": 48,
  "average_confidence": 0.9132099278934717,
  "processing_time": 2.057999849319458,
  "processed_at": "2025-11-21T08:21:36.119725",
  "version": "1.0"
}