{
  "page_number": 10,
  "total_blocks": 45,
  "average_confidence": 0.9835479275027764,
  "processing_time": 1.7871172428131104,
  "processed_at": "2025-11-28T04:58:46.300062",
  "version": "1.0"
}