{
  "page_number": 26,
  "total_blocks": 13,
  "average_confidence": 0.9663408867477484,
  "processing_time": 0.9829666614532471,
  "processed_at": "2025-11-25T06:28:20.551873",
  "version": "1.0"
}