{
  "page_number": 1,
  "total_blocks": 41,
  "average_confidence": 0.9787870694021854,
  "processing_time": 1.844728708267212,
  "processed_at": "2025-11-28T05:03:38.587229",
  "version": "1.0"
}