{
  "page_number": 14,
  "total_blocks": 18,
  "average_confidence": 0.9922107714470894,
  "processing_time": 1.2092647552490234,
  "processed_at": "2025-11-28T04:58:52.761138",
  "version": "1.0"
}