{
  "page_number": 2,
  "total_blocks": 40,
  "average_confidence": 0.9941083739100286,
  "processing_time": 1.7648372650146484,
  "processed_at": "2025-11-28T04:59:19.343932",
  "version": "1.0"
}