{
  "page_number": 23,
  "total_blocks": 17,
  "average_confidence": 0.9858885603056635,
  "processing_time": 0.6794567108154297,
  "processed_at": "2025-11-25T06:28:16.577061",
  "version": "1.0"
}