{
  "page_number": 2,
  "total_blocks": 40,
  "average_confidence": 0.9941083739100286,
  "processing_time": 1.7857511043548584,
  "processed_at": "2025-11-28T04:58:30.724204",
  "version": "1.0"
}