{
  "page_number": 2,
  "total_blocks": 44,
  "average_confidence": 0.9695560293595288,
  "processing_time": 1.9161491394042969,
  "processed_at": "2025-11-20T07:39:45.838319",
  "version": "1.0"
}