{
  "page_number": 2,
  "total_blocks": 40,
  "average_confidence": 0.9765749829799285,
  "processing_time": 1.3117411136627197,
  "processed_at": "2025-11-21T08:21:07.200524",
  "version": "1.0"
}