{
  "page_number": 9,
  "total_blocks": 19,
  "average_confidence": 0.9893188600702545,
  "processing_time": 1.357062816619873,
  "processed_at": "2025-11-21T07:22:16.359216",
  "version": "1.0"
}