{
  "page_number": 11,
  "total_blocks": 29,
  "average_confidence": 0.8768658395242813,
  "processing_time": 1.6420962810516357,
  "processed_at": "2025-11-21T08:21:23.145310",
  "version": "1.0"
}