{
  "page_number": 8,
  "total_blocks": 22,
  "average_confidence": 0.9276496641232002,
  "processing_time": 1.088320255279541,
  "processed_at": "2025-11-21T08:21:17.489543",
  "version": "1.0"
}