{
  "page_number": 16,
  "total_blocks": 48,
  "average_confidence": 0.9708236885625475,
  "processing_time": 1.8188953399658203,
  "processed_at": "2025-11-19T09:25:25.809985",
  "version": "1.0"
}