{
  "page_number": 13,
  "total_blocks": 32,
  "average_confidence": 0.9608622668818125,
  "processing_time": 1.5309841632843018,
  "processed_at": "2025-11-21T01:24:42.121335",
  "version": "1.0"
}