{
  "page_number": 9,
  "total_blocks": 23,
  "average_confidence": 0.9187821960235337,
  "processing_time": 0.989351749420166,
  "processed_at": "2025-11-25T06:27:49.682230",
  "version": "1.0"
}