{
  "page_number": 3,
  "total_blocks": 51,
  "average_confidence": 0.9912140880935293,
  "processing_time": 1.9646079540252686,
  "processed_at": "2025-11-28T05:03:07.746568",
  "version": "1.0"
}