{
  "page_number": 10,
  "total_blocks": 33,
  "average_confidence": 0.955109654945755,
  "processing_time": 1.2453994750976562,
  "processed_at": "2025-11-25T06:27:51.482499",
  "version": "1.0"
}