{
  "page_number": 4,
  "total_blocks": 53,
  "average_confidence": 0.9809945973619061,
  "processing_time": 2.046776056289673,
  "processed_at": "2025-11-28T04:59:23.906769",
  "version": "1.0"
}