{
  "page_number": 19,
  "total_blocks": 12,
  "average_confidence": 0.9858689230307168,
  "processing_time": 1.2000021934509277,
  "processed_at": "2025-11-19T09:25:30.339664",
  "version": "1.0"
}