{
  "page_number": 12,
  "total_blocks": 53,
  "average_confidence": 0.9931529737866787,
  "processing_time": 1.9050579071044922,
  "processed_at": "2025-11-28T04:58:10.398595",
  "version": "1.0"
}