{
  "page_number": 17,
  "total_blocks": 48,
  "average_confidence": 0.9132099278934717,
  "processing_time": 2.175661563873291,
  "processed_at": "2025-11-25T06:28:07.033688",
  "version": "1.0"
}