{
  "page_number": 15,
  "total_blocks": 12,
  "average_confidence": 0.9865326824119149,
  "processing_time": 1.160252332687378,
  "processed_at": "2025-11-28T05:03:28.764228",
  "version": "1.0"
}