{
  "page_number": 3,
  "total_blocks": 44,
  "average_confidence": 0.9565551558298068,
  "processing_time": 1.850560188293457,
  "processed_at": "2025-11-21T01:17:54.981786",
  "version": "1.0"
}