{
  "page_number": 4,
  "total_blocks": 53,
  "average_confidence": 0.9809945973619061,
  "processing_time": 1.9433543682098389,
  "processed_at": "2025-11-28T04:58:35.204506",
  "version": "1.0"
}