{
  "page_number": 14,
  "total_blocks": 53,
  "average_confidence": 0.95880070537229,
  "processing_time": 2.266284465789795,
  "processed_at": "2025-11-25T06:27:59.246616",
  "version": "1.0"
}