{
  "page_number": 12,
  "total_blocks": 29,
  "average_confidence": 0.9479995433802265,
  "processing_time": 1.0787968635559082,
  "processed_at": "2025-11-25T06:27:55.424452",
  "version": "1.0"
}