{
  "page_number": 4,
  "total_blocks": 33,
  "average_confidence": 0.98347262233812,
  "processing_time": 1.2010583877563477,
  "processed_at": "2025-11-21T08:21:10.306549",
  "version": "1.0"
}