{
  "page_number": 9,
  "total_blocks": 23,
  "average_confidence": 0.9187821960235337,
  "processing_time": 0.9915637969970703,
  "processed_at": "2025-11-21T08:21:19.028133",
  "version": "1.0"
}