{
  "page_number": 22,
  "total_blocks": 32,
  "average_confidence": 0.9226434496683614,
  "processing_time": 0.8441011905670166,
  "processed_at": "2025-11-21T08:21:44.115658",
  "version": "1.0"
}