{
  "page_number": 10,
  "total_blocks": 45,
  "average_confidence": 0.9835479275027764,
  "processing_time": 1.7820837497711182,
  "processed_at": "2025-11-28T04:59:34.895201",
  "version": "1.0"
}