{
  "page_number": 3,
  "total_blocks": 44,
  "average_confidence": 0.9565551558298068,
  "processing_time": 1.8176827430725098,
  "processed_at": "2025-11-28T05:00:04.017233",
  "version": "1.0"
}