{
  "page_number": 11,
  "total_blocks": 18,
  "average_confidence": 0.9658718286335832,
  "processing_time": 1.237217903137207,
  "processed_at": "2025-11-28T05:03:22.547079",
  "version": "1.0"
}