{
  "page_number": 9,
  "total_blocks": 19,
  "average_confidence": 0.9893188600702545,
  "processing_time": 1.3667759895324707,
  "processed_at": "2025-11-21T07:16:09.625072",
  "version": "1.0"
}