{
  "page_number": 3,
  "total_blocks": 51,
  "average_confidence": 0.9912140880935293,
  "processing_time": 1.964667558670044,
  "processed_at": "2025-11-28T04:59:21.553830",
  "version": "1.0"
}