{
  "page_number": 3,
  "total_blocks": 61,
  "average_confidence": 0.9835114449028046,
  "processing_time": 2.0732572078704834,
  "processed_at": "2025-11-20T07:39:48.181991",
  "version": "1.0"
}