{
  "page_number": 18,
  "total_blocks": 45,
  "average_confidence": 0.9440735010473025,
  "processing_time": 1.619309425354004,
  "processed_at": "2025-11-21T07:48:53.778965",
  "version": "1.0"
}