{
  "page_number": 7,
  "total_blocks": 21,
  "average_confidence": 0.9850224694451959,
  "processing_time": 0.8105883598327637,
  "processed_at": "2025-11-21T08:21:15.859712",
  "version": "1.0"
}