{
  "page_number": 14,
  "total_blocks": 53,
  "average_confidence": 0.95880070537229,
  "processing_time": 2.1831610202789307,
  "processed_at": "2025-11-21T08:21:28.694333",
  "version": "1.0"
}