{
  "page_number": 26,
  "total_blocks": 13,
  "average_confidence": 0.9663408867477484,
  "processing_time": 0.923774242401123,
  "processed_at": "2025-11-21T08:21:49.368209",
  "version": "1.0"
}