{
  "page_number": 16,
  "total_blocks": 45,
  "average_confidence": 0.952666324850949,
  "processing_time": 2.0161831378936768,
  "processed_at": "2025-11-21T08:21:33.288893",
  "version": "1.0"
}