{
  "page_number": 7,
  "total_blocks": 24,
  "average_confidence": 0.9865299190879891,
  "processing_time": 1.4318149089813232,
  "processed_at": "2025-11-21T07:22:13.059207",
  "version": "1.0"
}