{
  "page_number": 2,
  "total_blocks": 31,
  "average_confidence": 0.959407538292411,
  "processing_time": 1.5746955871582031,
  "processed_at": "2025-11-28T05:00:02.035543",
  "version": "1.0"
}