{
  "page_number": 1,
  "total_blocks": 41,
  "average_confidence": 0.9787870694021854,
  "processing_time": 1.8358371257781982,
  "processed_at": "2025-11-28T05:00:00.239291",
  "version": "1.0"
}