{
  "page_number": 8,
  "total_blocks": 27,
  "average_confidence": 0.9915211729256993,
  "processing_time": 1.5381789207458496,
  "processed_at": "2025-11-21T01:31:04.295050",
  "version": "1.0"
}