{
  "page_number": 15,
  "total_blocks": 34,
  "average_confidence": 0.9582470026364731,
  "processing_time": 1.140465497970581,
  "processed_at": "2025-11-21T07:48:45.816954",
  "version": "1.0"
}