{
  "page_number": 16,
  "total_blocks": 45,
  "average_confidence": 0.952666324850949,
  "processing_time": 1.9435534477233887,
  "processed_at": "2025-11-21T07:48:48.420893",
  "version": "1.0"
}