{
  "page_number": 1,
  "total_blocks": 55,
  "average_confidence": 0.9261815393572014,
  "processing_time": 3.570040225982666,
  "processed_at": "2025-11-19T09:23:50.346067",
  "version": "1.0"
}