{
  "page_number": 2,
  "total_blocks": 40,
  "average_confidence": 0.987904539146699,
  "processing_time": 1.7353246212005615,
  "processed_at": "2025-11-21T07:22:05.359176",
  "version": "1.0"
}