{
  "page_number": 4,
  "total_blocks": 33,
  "average_confidence": 0.98347262233812,
  "processing_time": 1.206833839416504,
  "processed_at": "2025-11-25T06:27:40.956586",
  "version": "1.0"
}