{
  "page_number": 25,
  "total_blocks": 10,
  "average_confidence": 0.9830043749909875,
  "processing_time": 0.6213467121124268,
  "processed_at": "2025-11-21T07:49:03.229357",
  "version": "1.0"
}