{
  "page_number": 4,
  "total_blocks": 43,
  "average_confidence": 0.9682199473511794,
  "processing_time": 1.9330453872680664,
  "processed_at": "2025-11-20T07:39:50.467743",
  "version": "1.0"
}