{
  "page_number": 1,
  "total_blocks": 25,
  "average_confidence": 0.9484785412087662,
  "processing_time": 2.031167984008789,
  "processed_at": "2025-11-17T05:42:18.769380",
  "version": "1.0"
}