{
  "page_number": 12,
  "total_blocks": 29,
  "average_confidence": 0.9479995433802265,
  "processing_time": 1.1021926403045654,
  "processed_at": "2025-11-21T07:48:40.028018",
  "version": "1.0"
}