{
  "page_number": 10,
  "total_blocks": 45,
  "average_confidence": 0.9835479275027764,
  "processing_time": 1.8516016006469727,
  "processed_at": "2025-11-21T01:31:08.306664",
  "version": "1.0"
}