{
  "page_number": 12,
  "total_blocks": 49,
  "average_confidence": 0.9656455384728565,
  "processing_time": 1.747450351715088,
  "processed_at": "2025-11-28T04:58:49.631481",
  "version": "1.0"
}