{
  "page_number": 25,
  "total_blocks": 10,
  "average_confidence": 0.9830043749909875,
  "processing_time": 0.6444911956787109,
  "processed_at": "2025-11-25T06:28:19.124853",
  "version": "1.0"
}