{
  "page_number": 15,
  "total_blocks": 12,
  "average_confidence": 0.9865326824119149,
  "processing_time": 1.213923454284668,
  "processed_at": "2025-11-21T01:31:16.214233",
  "version": "1.0"
}