{
  "page_number": 1,
  "total_blocks": 45,
  "average_confidence": 0.9690074186716299,
  "processing_time": 1.853987693786621,
  "processed_at": "2025-11-21T01:24:19.296933",
  "version": "1.0"
}