{
  "page_number": 20,
  "total_blocks": 10,
  "average_confidence": 0.9908032182472295,
  "processing_time": 1.0873932838439941,
  "processed_at": "2025-11-19T09:25:31.485464",
  "version": "1.0"
}