{
  "page_number": 15,
  "total_blocks": 12,
  "average_confidence": 0.9865326824119149,
  "processing_time": 1.1706876754760742,
  "processed_at": "2025-11-21T01:24:44.775555",
  "version": "1.0"
}