{
  "page_number": 11,
  "total_blocks": 26,
  "average_confidence": 0.993722814928899,
  "processing_time": 1.6932330131530762,
  "processed_at": "2025-11-21T07:16:12.807185",
  "version": "1.0"
}