{
  "page_number": 2,
  "total_blocks": 40,
  "average_confidence": 0.9941083739100286,
  "processing_time": 1.8221104145050049,
  "processed_at": "2025-11-21T01:19:53.820450",
  "version": "1.0"
}