{
  "page_number": 8,
  "total_blocks": 34,
  "average_confidence": 0.9916148175148317,
  "processing_time": 1.7923219203948975,
  "processed_at": "2025-11-19T09:25:11.055672",
  "version": "1.0"
}