{
  "page_number": 3,
  "total_blocks": 61,
  "average_confidence": 0.9835114449028046,
  "processing_time": 2.1288647651672363,
  "processed_at": "2025-11-20T07:22:38.880486",
  "version": "1.0"
}