{
  "page_number": 14,
  "total_blocks": 45,
  "average_confidence": 0.9853640442946995,
  "processing_time": 1.8431422710418701,
  "processed_at": "2025-11-19T09:25:22.350477",
  "version": "1.0"
}