{
  "page_number": 7,
  "total_blocks": 25,
  "average_confidence": 0.9919166673418525,
  "processing_time": 1.512054681777954,
  "processed_at": "2025-11-21T01:20:03.997303",
  "version": "1.0"
}