{
  "page_number": 4,
  "total_blocks": 75,
  "average_confidence": 0.98312915136819,
  "processing_time": 2.600454568862915,
  "processed_at": "2025-11-19T09:25:02.072325",
  "version": "1.0"
}