{
  "page_number": 5,
  "total_blocks": 84,
  "average_confidence": 0.9684661479597623,
  "processing_time": 2.4904797077178955,
  "processed_at": "2025-11-20T07:22:43.940338",
  "version": "1.0"
}