{
  "page_number": 4,
  "total_blocks": 53,
  "average_confidence": 0.9809945973619061,
  "processing_time": 1.999192714691162,
  "processed_at": "2025-11-21T01:19:58.375940",
  "version": "1.0"
}