{
  "page_number": 3,
  "total_blocks": 61,
  "average_confidence": 0.9811481586905424,
  "processing_time": 1.797574520111084,
  "processed_at": "2025-11-28T05:12:02.982431",
  "version": "1.0"
}