{
  "page_number": 4,
  "total_blocks": 10,
  "average_confidence": 0.9749902909997552,
  "processing_time": 1.1491820812225342,
  "processed_at": "2025-11-28T05:00:05.411474",
  "version": "1.0"
}