{
  "page_number": 10,
  "total_blocks": 18,
  "average_confidence": 0.9762779582199688,
  "processing_time": 1.2797932624816895,
  "processed_at": "2025-11-28T04:58:06.679942",
  "version": "1.0"
}