{
  "page_number": 1,
  "total_blocks": 42,
  "average_confidence": 0.984907599264825,
  "processing_time": 1.824524164199829,
  "processed_at": "2025-11-20T07:39:43.693465",
  "version": "1.0"
}