{
  "page_number": 1,
  "total_blocks": 72,
  "average_confidence": 0.9699837220583285,
  "processing_time": 1.8602099418640137,
  "processed_at": "2025-11-28T05:11:58.511167",
  "version": "1.0"
}