{
  "page_number": 5,
  "total_blocks": 32,
  "average_confidence": 0.9694092209032402,
  "processing_time": 1.836045742034912,
  "processed_at": "2025-11-21T01:24:27.957878",
  "version": "1.0"
}