{
  "page_number": 4,
  "total_blocks": 23,
  "average_confidence": 0.9785134834953786,
  "processing_time": 1.6155765056610107,
  "processed_at": "2025-11-21T07:22:08.753502",
  "version": "1.0"
}