{
  "page_number": 1,
  "total_blocks": 47,
  "average_confidence": 0.909546102549478,
  "processing_time": 0.8756959438323975,
  "processed_at": "2025-11-24T08:15:23.789704",
  "version": "1.0"
}