{
  "page_number": 10,
  "total_blocks": 45,
  "average_confidence": 0.9835479275027764,
  "processing_time": 1.8099582195281982,
  "processed_at": "2025-11-21T01:20:09.594710",
  "version": "1.0"
}