{
  "page_number": 13,
  "total_blocks": 32,
  "average_confidence": 0.9608622668818125,
  "processing_time": 1.5099422931671143,
  "processed_at": "2025-11-28T05:03:26.133228",
  "version": "1.0"
}