{
  "page_number": 5,
  "total_blocks": 56,
  "average_confidence": 0.9814787866970357,
  "processing_time": 2.108466148376465,
  "processed_at": "2025-11-19T09:25:04.668501",
  "version": "1.0"
}