{
  "page_number": 6,
  "total_blocks": 9,
  "average_confidence": 0.995277558547011,
  "processing_time": 1.1533629894256592,
  "processed_at": "2025-11-21T07:16:04.763035",
  "version": "1.0"
}