{
  "page_number": 6,
  "total_blocks": 27,
  "average_confidence": 0.9675734765376424,
  "processing_time": 1.4746057987213135,
  "processed_at": "2025-11-28T05:03:13.873696",
  "version": "1.0"
}