{
  "page_number": 1,
  "total_blocks": 3,
  "average_confidence": 0.664328097165027,
  "processing_time": 0.34958529472351074,
  "processed_at": "2025-11-24T00:49:43.907236",
  "version": "1.0"
}