{
  "page_number": 13,
  "total_blocks": 6,
  "average_confidence": 0.9892244639637015,
  "processing_time": 0.5410130023956299,
  "processed_at": "2025-11-21T07:48:41.179735",
  "version": "1.0"
}