{
  "page_number": 13,
  "total_blocks": 32,
  "average_confidence": 0.9608622668818125,
  "processing_time": 1.5135564804077148,
  "processed_at": "2025-11-28T04:58:51.390013",
  "version": "1.0"
}