{
  "page_number": 10,
  "total_blocks": 33,
  "average_confidence": 0.955109654945755,
  "processing_time": 1.3054265975952148,
  "processed_at": "2025-11-21T07:48:35.998855",
  "version": "1.0"
}