{
  "page_number": 23,
  "total_blocks": 17,
  "average_confidence": 0.9858885603056635,
  "processing_time": 0.6463813781738281,
  "processed_at": "2025-11-21T08:21:45.386740",
  "version": "1.0"
}