{
  "page_number": 6,
  "total_blocks": 27,
  "average_confidence": 0.9675734765376424,
  "processing_time": 1.472809076309204,
  "processed_at": "2025-11-28T04:59:27.694553",
  "version": "1.0"
}