{
  "page_number": 1,
  "total_blocks": 45,
  "average_confidence": 0.9690074186716299,
  "processing_time": 1.7569081783294678,
  "processed_at": "2025-11-28T04:59:17.323143",
  "version": "1.0"
}