{
  "page_number": 21,
  "total_blocks": 3,
  "average_confidence": 0.9508936075549035,
  "processing_time": 0.4274435043334961,
  "processed_at": "2025-11-21T08:21:42.891468",
  "version": "1.0"
}