{
  "page_number": 8,
  "total_blocks": 27,
  "average_confidence": 0.9915211729256993,
  "processing_time": 1.5101146697998047,
  "processed_at": "2025-11-21T01:24:32.959652",
  "version": "1.0"
}