{
  "page_number": 7,
  "total_blocks": 25,
  "average_confidence": 0.9919166673418525,
  "processing_time": 1.5445961952209473,
  "processed_at": "2025-11-21T01:31:02.600506",
  "version": "1.0"
}