{
  "page_number": 1,
  "total_blocks": 33,
  "average_confidence": 0.985540817034718,
  "processing_time": 1.5541942119598389,
  "processed_at": "2025-11-28T05:13:58.994325",
  "version": "1.0"
}