{
  "page_number": 4,
  "total_blocks": 10,
  "average_confidence": 0.9749902909997552,
  "processing_time": 1.1303918361663818,
  "processed_at": "2025-11-28T05:03:43.727140",
  "version": "1.0"
}