{
  "page_number": 7,
  "total_blocks": 21,
  "average_confidence": 0.9850224694451959,
  "processing_time": 0.8089635372161865,
  "processed_at": "2025-11-25T06:27:46.565313",
  "version": "1.0"
}