{
  "page_number": 24,
  "total_blocks": 14,
  "average_confidence": 0.9911880133293046,
  "processing_time": 0.8836956024169922,
  "processed_at": "2025-11-21T07:49:02.025930",
  "version": "1.0"
}