{
  "page_number": 1,
  "total_blocks": 29,
  "average_confidence": 0.9794323633401533,
  "processing_time": 2.004833459854126,
  "processed_at": "2025-11-28T04:57:52.694207",
  "version": "1.0"
}