{
  "page_number": 15,
  "total_blocks": 34,
  "average_confidence": 0.9582470026364731,
  "processing_time": 1.1493093967437744,
  "processed_at": "2025-11-25T06:28:01.220243",
  "version": "1.0"
}