{
  "page_number": 7,
  "total_blocks": 24,
  "average_confidence": 0.9865299190879891,
  "processing_time": 1.4894661903381348,
  "processed_at": "2025-11-21T07:16:06.297497",
  "version": "1.0"
}