{
  "page_number": 3,
  "total_blocks": 8,
  "average_confidence": 0.9857826868550381,
  "processing_time": 0.7535319328308105,
  "processed_at": "2025-11-21T08:21:08.683445",
  "version": "1.0"
}