{
  "page_number": 16,
  "total_blocks": 11,
  "average_confidence": 0.9932014492587755,
  "processing_time": 1.0947649478912354,
  "processed_at": "2025-11-28T04:58:55.169081",
  "version": "1.0"
}