{
  "page_number": 7,
  "total_blocks": 25,
  "average_confidence": 0.9919166673418525,
  "processing_time": 1.4942128658294678,
  "processed_at": "2025-11-28T05:03:15.522468",
  "version": "1.0"
}