{
  "page_number": 17,
  "total_blocks": 27,
  "average_confidence": 0.9915601529041024,
  "processing_time": 1.56998610496521,
  "processed_at": "2025-11-28T04:59:45.504186",
  "version": "1.0"
}