{
  "page_number": 6,
  "total_blocks": 26,
  "average_confidence": 0.9837536040941439,
  "processing_time": 1.495589256286621,
  "processed_at": "2025-11-20T07:22:45.952049",
  "version": "1.0"
}