{
  "page_number": 18,
  "total_blocks": 45,
  "average_confidence": 0.9440735010473025,
  "processing_time": 1.6317317485809326,
  "processed_at": "2025-11-21T08:21:38.557926",
  "version": "1.0"
}