{
  "page_number": 2,
  "total_blocks": 19,
  "average_confidence": 0.9874860747652918,
  "processing_time": 1.4294404983520508,
  "processed_at": "2025-11-28T05:14:00.597152",
  "version": "1.0"
}