{
  "page_number": 15,
  "total_blocks": 18,
  "average_confidence": 0.9542117742840461,
  "processing_time": 1.3078563213348389,
  "processed_at": "2025-11-19T09:25:23.899847",
  "version": "1.0"
}