{
  "page_number": 3,
  "total_blocks": 8,
  "average_confidence": 0.9857826868550381,
  "processing_time": 0.7578673362731934,
  "processed_at": "2025-11-21T07:48:23.779193",
  "version": "1.0"
}