{
  "page_number": 1,
  "total_blocks": 3,
  "average_confidence": 0.664328097165027,
  "processing_time": 0.3571922779083252,
  "processed_at": "2025-11-24T05:23:25.009287",
  "version": "1.0"
}