{
  "page_number": 2,
  "total_blocks": 69,
  "average_confidence": 0.9737145359202212,
  "processing_time": 1.9452972412109375,
  "processed_at": "2025-11-28T05:12:00.816640",
  "version": "1.0"
}