{
  "page_number": 12,
  "total_blocks": 49,
  "average_confidence": 0.9656455384728565,
  "processing_time": 1.7842798233032227,
  "processed_at": "2025-11-21T01:31:11.676736",
  "version": "1.0"
}