{
  "page_number": 1,
  "total_blocks": 3,
  "average_confidence": 0.664328097165027,
  "processing_time": 0.3490560054779053,
  "processed_at": "2025-11-24T02:57:09.977844",
  "version": "1.0"
}