{
  "page_number": 1,
  "total_blocks": 2,
  "average_confidence": 0.9398545300444732,
  "processing_time": 0.2434074878692627,
  "processed_at": "2025-11-24T05:22:26.568173",
  "version": "1.0"
}