{
  "page_number": 5,
  "total_blocks": 23,
  "average_confidence": 0.9915967838390011,
  "processing_time": 1.460939884185791,
  "processed_at": "2025-11-21T07:22:10.353725",
  "version": "1.0"
}