{
  "page_number": 11,
  "total_blocks": 29,
  "average_confidence": 0.8768658395242813,
  "processing_time": 1.5967235565185547,
  "processed_at": "2025-11-25T06:27:53.715995",
  "version": "1.0"
}