{
  "page_number": 5,
  "total_blocks": 32,
  "average_confidence": 0.9694092209032402,
  "processing_time": 1.8166697025299072,
  "processed_at": "2025-11-28T04:58:37.319007",
  "version": "1.0"
}