{
  "page_number": 4,
  "total_blocks": 53,
  "average_confidence": 0.9809945973619061,
  "processing_time": 1.9643921852111816,
  "processed_at": "2025-11-21T01:24:25.824702",
  "version": "1.0"
}