{
  "page_number": 2,
  "total_blocks": 48,
  "average_confidence": 0.9774167770982315,
  "processing_time": 1.9560492038726807,
  "processed_at": "2025-11-19T09:24:57.141705",
  "version": "1.0"
}