{
  "page_number": 3,
  "total_blocks": 8,
  "average_confidence": 0.9857826868550381,
  "processing_time": 0.7418439388275146,
  "processed_at": "2025-11-25T06:27:39.327183",
  "version": "1.0"
}