{
  "page_number": 6,
  "total_blocks": 27,
  "average_confidence": 0.9675734765376424,
  "processing_time": 1.4725871086120605,
  "processed_at": "2025-11-28T04:58:38.990942",
  "version": "1.0"
}