{
  "page_number": 1,
  "total_blocks": 5,
  "average_confidence": 0.9945279929513315,
  "processing_time": 0.6697759628295898,
  "processed_at": "2025-11-21T07:48:20.598926",
  "version": "1.0"
}