{
  "page_number": 4,
  "total_blocks": 10,
  "average_confidence": 0.9749902909997552,
  "processing_time": 1.1783392429351807,
  "processed_at": "2025-11-21T01:17:56.402988",
  "version": "1.0"
}