{
  "page_number": 1,
  "total_blocks": 1,
  "average_confidence": 0.7333308969225202,
  "processing_time": 1.5109944343566895,
  "processed_at": "2025-11-17T05:42:08.074062",
  "version": "1.0"
}