{
  "page_number": 16,
  "total_blocks": 45,
  "average_confidence": 0.952666324850949,
  "processing_time": 2.2038979530334473,
  "processed_at": "2025-11-25T06:28:04.088045",
  "version": "1.0"
}