{
  "page_number": 18,
  "total_blocks": 45,
  "average_confidence": 0.9440735010473025,
  "processing_time": 1.7263734340667725,
  "processed_at": "2025-11-25T06:28:09.570520",
  "version": "1.0"
}