{
  "page_number": 3,
  "total_blocks": 23,
  "average_confidence": 0.9806688202386828,
  "processing_time": 1.4669554233551025,
  "processed_at": "2025-11-21T07:15:59.960422",
  "version": "1.0"
}