{
  "page_number": 1,
  "total_blocks": 2,
  "average_confidence": 0.9398545300444732,
  "processing_time": 0.24561238288879395,
  "processed_at": "2025-11-21T09:25:14.128496",
  "version": "1.0"
}