{
  "page_number": 16,
  "total_blocks": 11,
  "average_confidence": 0.9932014492587755,
  "processing_time": 1.2087347507476807,
  "processed_at": "2025-11-28T04:59:43.881490",
  "version": "1.0"
}