{
  "page_number": 18,
  "total_blocks": 18,
  "average_confidence": 0.9924364186160667,
  "processing_time": 1.35440993309021,
  "processed_at": "2025-11-19T09:25:29.054476",
  "version": "1.0"
}