{
  "page_number": 1,
  "total_blocks": 45,
  "average_confidence": 0.9690074186716299,
  "processing_time": 1.8491220474243164,
  "processed_at": "2025-11-28T04:58:28.686095",
  "version": "1.0"
}