{
  "page_number": 5,
  "total_blocks": 32,
  "average_confidence": 0.9694092209032402,
  "processing_time": 1.9635088443756104,
  "processed_at": "2025-11-21T01:20:00.640116",
  "version": "1.0"
}