{
  "page_number": 11,
  "total_blocks": 18,
  "average_confidence": 0.9658718286335832,
  "processing_time": 1.2584199905395508,
  "processed_at": "2025-11-21T01:20:11.090183",
  "version": "1.0"
}