{
  "page_number": 1,
  "total_blocks": 3,
  "average_confidence": 0.664328097165027,
  "processing_time": 0.37398457527160645,
  "processed_at": "2025-11-24T00:13:09.033262",
  "version": "1.0"
}