{
  "page_number": 17,
  "total_blocks": 27,
  "average_confidence": 0.9915601529041024,
  "processing_time": 1.6069962978363037,
  "processed_at": "2025-11-21T01:24:47.615620",
  "version": "1.0"
}