{
  "page_number": 14,
  "total_blocks": 53,
  "average_confidence": 0.95880070537229,
  "processing_time": 2.2626888751983643,
  "processed_at": "2025-11-21T07:48:43.849247",
  "version": "1.0"
}