{
  "page_number": 7,
  "total_blocks": 25,
  "average_confidence": 0.9919166673418525,
  "processing_time": 1.4943883419036865,
  "processed_at": "2025-11-28T04:58:40.640190",
  "version": "1.0"
}