{
  "page_number": 22,
  "total_blocks": 32,
  "average_confidence": 0.9226434496683614,
  "processing_time": 0.8430256843566895,
  "processed_at": "2025-11-21T07:48:59.342441",
  "version": "1.0"
}