{
  "page_number": 19,
  "total_blocks": 10,
  "average_confidence": 0.9745635582735733,
  "processing_time": 0.6025233268737793,
  "processed_at": "2025-11-21T08:21:39.900561",
  "version": "1.0"
}