{
  "page_number": 17,
  "total_blocks": 27,
  "average_confidence": 0.9915601529041024,
  "processing_time": 1.5782430171966553,
  "processed_at": "2025-11-28T04:58:56.800376",
  "version": "1.0"
}