{
  "page_number": 24,
  "total_blocks": 14,
  "average_confidence": 0.9911880133293046,
  "processing_time": 0.9159095287322998,
  "processed_at": "2025-11-21T08:21:46.903221",
  "version": "1.0"
}