{
  "page_number": 1,
  "total_blocks": 3,
  "average_confidence": 0.664328097165027,
  "processing_time": 0.3542501926422119,
  "processed_at": "2025-11-24T02:56:51.368273",
  "version": "1.0"
}