{
  "page_number": 17,
  "total_blocks": 48,
  "average_confidence": 0.9132099278934717,
  "processing_time": 2.1530978679656982,
  "processed_at": "2025-11-21T07:48:51.348160",
  "version": "1.0"
}