{
  "page_number": 2,
  "total_blocks": 40,
  "average_confidence": 0.9941083739100286,
  "processing_time": 1.764188289642334,
  "processed_at": "2025-11-28T05:03:05.537296",
  "version": "1.0"
}