{
  "page_number": 14,
  "total_blocks": 18,
  "average_confidence": 0.9922107714470894,
  "processing_time": 1.2670049667358398,
  "processed_at": "2025-11-21T01:31:14.904903",
  "version": "1.0"
}