{
  "page_number": 1,
  "total_blocks": 2,
  "average_confidence": 0.9398545300444732,
  "processing_time": 0.25660014152526855,
  "processed_at": "2025-11-21T09:24:24.530820",
  "version": "1.0"
}