{
  "page_number": 1,
  "total_blocks": 2,
  "average_confidence": 0.7100989179951804,
  "processing_time": 0.2506139278411865,
  "processed_at": "2025-11-24T05:35:56.554230",
  "version": "1.0"
}