{
  "page_number": 1,
  "total_blocks": 18,
  "average_confidence": 0.9251316862232384,
  "processing_time": 1.4023511409759521,
  "processed_at": "2025-11-25T06:28:22.911180",
  "version": "1.0"
}