{
  "page_number": 9,
  "total_blocks": 45,
  "average_confidence": 0.9763961040407474,
  "processing_time": 1.716160535812378,
  "processed_at": "2025-11-28T04:59:32.874472",
  "version": "1.0"
}