{
  "page_number": 2,
  "total_blocks": 44,
  "average_confidence": 0.9695560293595288,
  "processing_time": 2.0628418922424316,
  "processed_at": "2025-11-20T07:22:36.481064",
  "version": "1.0"
}