{
  "page_number": 1,
  "total_blocks": 18,
  "average_confidence": 0.9251316862232384,
  "processing_time": 1.4264099597930908,
  "processed_at": "2025-11-25T06:27:34.098392",
  "version": "1.0"
}