{
  "page_number": 5,
  "total_blocks": 23,
  "average_confidence": 0.9915967838390011,
  "processing_time": 1.4260735511779785,
  "processed_at": "2025-11-28T04:57:59.442226",
  "version": "1.0"
}