{
  "page_number": 10,
  "total_blocks": 38,
  "average_confidence": 0.9887859325524435,
  "processing_time": 1.6925740242004395,
  "processed_at": "2025-11-19T09:25:14.711229",
  "version": "1.0"
}