{
  "page_number": 6,
  "total_blocks": 33,
  "average_confidence": 0.9890086713346025,
  "processing_time": 1.9111964702606201,
  "processed_at": "2025-11-19T09:25:06.898273",
  "version": "1.0"
}