{
  "page_number": 2,
  "total_blocks": 40,
  "average_confidence": 0.987904539146699,
  "processing_time": 1.8626682758331299,
  "processed_at": "2025-11-21T07:15:58.257634",
  "version": "1.0"
}