{
  "page_number": 25,
  "total_blocks": 10,
  "average_confidence": 0.9830043749909875,
  "processing_time": 0.6193222999572754,
  "processed_at": "2025-11-21T08:21:48.004908",
  "version": "1.0"
}