{
  "page_number": 12,
  "total_blocks": 49,
  "average_confidence": 0.9656455384728565,
  "processing_time": 1.761296272277832,
  "processed_at": "2025-11-21T01:24:40.344961",
  "version": "1.0"
}