{
  "page_number": 17,
  "total_blocks": 29,
  "average_confidence": 0.9515516393537761,
  "processing_time": 1.5043582916259766,
  "processed_at": "2025-11-19T09:25:27.548420",
  "version": "1.0"
}