{
  "page_number": 6,
  "total_blocks": 36,
  "average_confidence": 0.969048680451796,
  "processing_time": 1.4116945266723633,
  "processed_at": "2025-11-21T07:48:29.505611",
  "version": "1.0"
}