{
  "page_number": 14,
  "total_blocks": 18,
  "average_confidence": 0.9922107714470894,
  "processing_time": 1.2123913764953613,
  "processed_at": "2025-11-28T05:03:27.506112",
  "version": "1.0"
}