{
  "page_number": 13,
  "total_blocks": 6,
  "average_confidence": 0.9892244639637015,
  "processing_time": 0.5319910049438477,
  "processed_at": "2025-11-21T08:21:26.108148",
  "version": "1.0"
}