{
  "page_number": 11,
  "total_blocks": 18,
  "average_confidence": 0.9658718286335832,
  "processing_time": 1.363492488861084,
  "processed_at": "2025-11-21T01:24:38.488670",
  "version": "1.0"
}