{
  "page_number": 3,
  "total_blocks": 37,
  "average_confidence": 0.9963079918858578,
  "processing_time": 1.8073251247406006,
  "processed_at": "2025-11-19T09:24:59.240639",
  "version": "1.0"
}