{
  "page_number": 2,
  "total_blocks": 40,
  "average_confidence": 0.9941083739100286,
  "processing_time": 1.787388563156128,
  "processed_at": "2025-11-21T01:24:21.342041",
  "version": "1.0"
}