{
  "page_number": 13,
  "total_blocks": 32,
  "average_confidence": 0.9608622668818125,
  "processing_time": 1.5144195556640625,
  "processed_at": "2025-11-28T04:59:39.964034",
  "version": "1.0"
}