{
  "page_number": 6,
  "total_blocks": 9,
  "average_confidence": 0.995277558547011,
  "processing_time": 1.0878965854644775,
  "processed_at": "2025-11-21T07:22:11.581983",
  "version": "1.0"
}