{
  "page_number": 5,
  "total_blocks": 34,
  "average_confidence": 0.9637581596349268,
  "processing_time": 1.387242317199707,
  "processed_at": "2025-11-25T06:27:42.980757",
  "version": "1.0"
}