{
  "page_number": 8,
  "total_blocks": 27,
  "average_confidence": 0.9915211729256993,
  "processing_time": 1.5075657367706299,
  "processed_at": "2025-11-21T01:20:05.655192",
  "version": "1.0"
}