{
  "page_number": 9,
  "total_blocks": 32,
  "average_confidence": 0.919777100499294,
  "processing_time": 1.5777978897094727,
  "processed_at": "2025-11-19T09:25:12.859000",
  "version": "1.0"
}