{
  "page_number": 1,
  "total_blocks": 43,
  "average_confidence": 0.6326274536888418,
  "processing_time": 5.108842372894287,
  "processed_at": "2025-11-21T00:29:53.328283",
  "version": "1.0"
}