{
  "page_number": 5,
  "total_blocks": 32,
  "average_confidence": 0.9694092209032402,
  "processing_time": 1.9178941249847412,
  "processed_at": "2025-11-28T05:03:12.199301",
  "version": "1.0"
}