{
  "page_number": 15,
  "total_blocks": 34,
  "average_confidence": 0.9582470026364731,
  "processing_time": 1.0811347961425781,
  "processed_at": "2025-11-21T08:21:30.601283",
  "version": "1.0"
}