{
  "page_number": 20,
  "total_blocks": 40,
  "average_confidence": 0.9468469746001207,
  "processing_time": 1.48724365234375,
  "processed_at": "2025-11-25T06:28:12.867317",
  "version": "1.0"
}