{
  "page_number": 6,
  "total_blocks": 26,
  "average_confidence": 0.9837536040941439,
  "processing_time": 1.4941890239715576,
  "processed_at": "2025-11-20T07:39:55.220908",
  "version": "1.0"
}