{
  "page_number": 13,
  "total_blocks": 32,
  "average_confidence": 0.9608622668818125,
  "processing_time": 1.5315048694610596,
  "processed_at": "2025-11-21T01:20:14.744192",
  "version": "1.0"
}