{
  "page_number": 13,
  "total_blocks": 37,
  "average_confidence": 0.9922455687887721,
  "processing_time": 1.6480138301849365,
  "processed_at": "2025-11-19T09:25:20.322471",
  "version": "1.0"
}