{
  "page_number": 8,
  "total_blocks": 27,
  "average_confidence": 0.9915211729256993,
  "processing_time": 1.5025866031646729,
  "processed_at": "2025-11-28T04:59:31.000496",
  "version": "1.0"
}