{
  "page_number": 1,
  "total_blocks": 25,
  "average_confidence": 0.9125476667683791,
  "processing_time": 1.207413911819458,
  "processed_at": "2025-11-20T11:45:51.690078",
  "version": "1.0"
}