{
  "page_number": 4,
  "total_blocks": 53,
  "average_confidence": 0.9809945973619061,
  "processing_time": 1.9653596878051758,
  "processed_at": "2025-11-21T01:30:56.930028",
  "version": "1.0"
}