{
  "page_number": 1,
  "total_blocks": 45,
  "average_confidence": 0.9690074186716299,
  "processing_time": 1.7544856071472168,
  "processed_at": "2025-11-28T05:03:03.521085",
  "version": "1.0"
}