{
  "page_number": 14,
  "total_blocks": 18,
  "average_confidence": 0.9922107714470894,
  "processing_time": 1.2259521484375,
  "processed_at": "2025-11-21T01:24:43.509168",
  "version": "1.0"
}