{
  "page_number": 14,
  "total_blocks": 18,
  "average_confidence": 0.9922107714470894,
  "processing_time": 1.2329745292663574,
  "processed_at": "2025-11-21T01:20:16.139939",
  "version": "1.0"
}