{
  "page_number": 1,
  "total_blocks": 41,
  "average_confidence": 0.9787870694021854,
  "processing_time": 1.9190068244934082,
  "processed_at": "2025-11-21T01:17:51.105665",
  "version": "1.0"
}