{
  "page_number": 6,
  "total_blocks": 9,
  "average_confidence": 0.995277558547011,
  "processing_time": 1.086942195892334,
  "processed_at": "2025-11-28T04:58:00.666592",
  "version": "1.0"
}