{
  "page_number": 16,
  "total_blocks": 11,
  "average_confidence": 0.9932014492587755,
  "processing_time": 1.128631353378296,
  "processed_at": "2025-11-21T01:20:18.595913",
  "version": "1.0"
}