{
  "page_number": 11,
  "total_blocks": 26,
  "average_confidence": 0.993722814928899,
  "processing_time": 1.6477184295654297,
  "processed_at": "2025-11-21T07:22:19.521935",
  "version": "1.0"
}