{
  "page_number": 11,
  "total_blocks": 43,
  "average_confidence": 0.9883172171697363,
  "processing_time": 1.8074829578399658,
  "processed_at": "2025-11-19T09:25:16.712298",
  "version": "1.0"
}