{
  "page_number": 1,
  "total_blocks": 87,
  "average_confidence": 0.9432439195803723,
  "processing_time": 3.5539474487304688,
  "processed_at": "2025-11-20T07:39:22.030778",
  "version": "1.0"
}