{
  "page_number": 12,
  "total_blocks": 49,
  "average_confidence": 0.9656455384728565,
  "processing_time": 1.7400221824645996,
  "processed_at": "2025-11-28T04:59:38.204281",
  "version": "1.0"
}