{
  "page_number": 20,
  "total_blocks": 40,
  "average_confidence": 0.9468469746001207,
  "processing_time": 1.4238152503967285,
  "processed_at": "2025-11-21T08:21:41.764591",
  "version": "1.0"
}