{
  "page_number": 1,
  "total_blocks": 29,
  "average_confidence": 0.9794323633401533,
  "processing_time": 1.6622846126556396,
  "processed_at": "2025-11-21T07:22:03.469495",
  "version": "1.0"
}