{
  "page_number": 3,
  "total_blocks": 51,
  "average_confidence": 0.9912140880935293,
  "processing_time": 1.9651436805725098,
  "processed_at": "2025-11-21T01:24:23.552902",
  "version": "1.0"
}