{
  "page_number": 1,
  "total_blocks": 5,
  "average_confidence": 0.9398467575589311,
  "processing_time": 1.1516413688659668,
  "processed_at": "2025-11-24T00:11:19.997508",
  "version": "1.0"
}