{
  "page_number": 9,
  "total_blocks": 45,
  "average_confidence": 0.9763961040407474,
  "processing_time": 1.7328779697418213,
  "processed_at": "2025-11-21T01:20:07.545146",
  "version": "1.0"
}